-- Seed Data for Multi-Tenant SaaS Application
-- All passwords are hashed: bcrypt hash of the plain password

-- 1. Super Admin (tenant_id = NULL, password: SuperAdmin@123)
-- Hash: $2a$10$YourHashHere (will be generated by seed script)
INSERT INTO users (id, tenant_id, email, password_hash, full_name, role, is_active)
VALUES (
    'a0000000-0000-0000-0000-000000000001'::uuid,
    NULL,
    'superadmin@system.com',
    '$2a$10$K9YPxZQy5zvXmJ7ZqGqK4u8K7m.vGqNP5QhQ5ZqGqK4u8K7m.vGqNP',
    'Super Administrator',
    'super_admin',
    true
) ON CONFLICT (tenant_id, email) DO NOTHING;

-- 2. Tenant: Acme Corporation (pro plan)
INSERT INTO tenants (id, name, subdomain, status, subscription_plan, max_users, max_projects)
VALUES (
    'b0000000-0000-0000-0000-000000000001'::uuid,
    'Acme Corporation',
    'acme',
    'active',
    'pro',
    25,
    15
) ON CONFLICT (subdomain) DO NOTHING;

-- 3. Tenant Admin for Acme (password: Admin@123)
INSERT INTO users (id, tenant_id, email, password_hash, full_name, role, is_active)
VALUES (
    'c0000000-0000-0000-0000-000000000001'::uuid,
    'b0000000-0000-0000-0000-000000000001'::uuid,
    'admin@acme.com',
    '$2a$10$K9YPxZQy5zvXmJ7ZqGqK4u8K7m.vGqNP5QhQ5ZqGqK4u8K7m.vGqNP',
    'John Doe',
    'tenant_admin',
    true
) ON CONFLICT (tenant_id, email) DO NOTHING;

-- 4. Regular Users for Acme (password: User@123)
INSERT INTO users (id, tenant_id, email, password_hash, full_name, role, is_active)
VALUES 
    ('c0000000-0000-0000-0000-000000000002'::uuid,
     'b0000000-0000-0000-0000-000000000001'::uuid,
     'user1@acme.com',
     '$2a$10$K9YPxZQy5zvXmJ7ZqGqK4u8K7m.vGqNP5QhQ5ZqGqK4u8K7m.vGqNP',
     'Alice Smith',
     'user',
     true),
    ('c0000000-0000-0000-0000-000000000003'::uuid,
     'b0000000-0000-0000-0000-000000000001'::uuid,
     'user2@acme.com',
     '$2a$10$K9YPxZQy5zvXmJ7ZqGqK4u8K7m.vGqNP5QhQ5ZqGqK4u8K7m.vGqNP',
     'Bob Johnson',
     'user',
     true)
ON CONFLICT (tenant_id, email) DO NOTHING;

-- 5. Tenant: TechStart Inc (free plan)
INSERT INTO tenants (id, name, subdomain, status, subscription_plan, max_users, max_projects)
VALUES (
    'b0000000-0000-0000-0000-000000000002'::uuid,
    'TechStart Inc',
    'techstart',
    'active',
    'free',
    5,
    3
) ON CONFLICT (subdomain) DO NOTHING;

-- 6. Tenant Admin for TechStart (password: Admin@123)
INSERT INTO users (id, tenant_id, email, password_hash, full_name, role, is_active)
VALUES (
    'c0000000-0000-0000-0000-000000000004'::uuid,
    'b0000000-0000-0000-0000-000000000002'::uuid,
    'admin@techstart.com',
    '$2a$10$K9YPxZQy5zvXmJ7ZqGqK4u8K7m.vGqNP5QhQ5ZqGqK4u8K7m.vGqNP',
    'Sarah Williams',
    'tenant_admin',
    true
) ON CONFLICT (tenant_id, email) DO NOTHING;

-- 7. Regular User for TechStart (password: User@123)
INSERT INTO users (id, tenant_id, email, password_hash, full_name, role, is_active)
VALUES (
    'c0000000-0000-0000-0000-000000000005'::uuid,
    'b0000000-0000-0000-0000-000000000002'::uuid,
    'developer@techstart.com',
    '$2a$10$K9YPxZQy5zvXmJ7ZqGqK4u8K7m.vGqNP5QhQ5ZqGqK4u8K7m.vGqNP',
    'Mike Chen',
    'user',
    true
) ON CONFLICT (tenant_id, email) DO NOTHING;

-- 8. Projects for Acme Corporation
INSERT INTO projects (id, tenant_id, name, description, status, created_by)
VALUES 
    ('d0000000-0000-0000-0000-000000000001'::uuid,
     'b0000000-0000-0000-0000-000000000001'::uuid,
     'Website Redesign',
     'Complete redesign of company website with modern UI',
     'active',
     'c0000000-0000-0000-0000-000000000001'::uuid),
    ('d0000000-0000-0000-0000-000000000002'::uuid,
     'b0000000-0000-0000-0000-000000000001'::uuid,
     'Mobile App Launch',
     'Launch new mobile application for iOS and Android',
     'active',
     'c0000000-0000-0000-0000-000000000001'::uuid)
ON CONFLICT DO NOTHING;

-- 9. Project for TechStart
INSERT INTO projects (id, tenant_id, name, description, status, created_by)
VALUES (
    'd0000000-0000-0000-0000-000000000003'::uuid,
    'b0000000-0000-0000-0000-000000000002'::uuid,
    'Mobile App Development',
    'Build iOS and Android app with React Native',
    'active',
    'c0000000-0000-0000-0000-000000000004'::uuid
) ON CONFLICT DO NOTHING;

-- 10. Tasks for Acme Projects
INSERT INTO tasks (id, project_id, tenant_id, title, description, status, priority, assigned_to, due_date)
VALUES 
    ('e0000000-0000-0000-0000-000000000001'::uuid,
     'd0000000-0000-0000-0000-000000000001'::uuid,
     'b0000000-0000-0000-0000-000000000001'::uuid,
     'Design mockups',
     'Create initial design mockups for homepage',
     'in_progress',
     'high',
     'c0000000-0000-0000-0000-000000000002'::uuid,
     CURRENT_DATE + INTERVAL '7 days'),
    ('e0000000-0000-0000-0000-000000000002'::uuid,
     'd0000000-0000-0000-0000-000000000001'::uuid,
     'b0000000-0000-0000-0000-000000000001'::uuid,
     'Implement frontend',
     'Build React components for new design',
     'todo',
     'medium',
     'c0000000-0000-0000-0000-000000000003'::uuid,
     CURRENT_DATE + INTERVAL '14 days'),
    ('e0000000-0000-0000-0000-000000000003'::uuid,
     'd0000000-0000-0000-0000-000000000002'::uuid,
     'b0000000-0000-0000-0000-000000000001'::uuid,
     'API Integration',
     'Connect mobile app to backend APIs',
     'todo',
     'high',
     'c0000000-0000-0000-0000-000000000002'::uuid,
     CURRENT_DATE + INTERVAL '10 days')
ON CONFLICT DO NOTHING;

-- 11. Tasks for TechStart Project
INSERT INTO tasks (id, project_id, tenant_id, title, description, status, priority, assigned_to, due_date)
VALUES 
    ('e0000000-0000-0000-0000-000000000004'::uuid,
     'd0000000-0000-0000-0000-000000000003'::uuid,
     'b0000000-0000-0000-0000-000000000002'::uuid,
     'Setup project structure',
     'Initialize React Native project',
     'completed',
     'high',
     'c0000000-0000-0000-0000-000000000005'::uuid,
     CURRENT_DATE - INTERVAL '2 days'),
    ('e0000000-0000-0000-0000-000000000005'::uuid,
     'd0000000-0000-0000-0000-000000000003'::uuid,
     'b0000000-0000-0000-0000-000000000002'::uuid,
     'API Integration',
     'Connect to backend REST APIs',
     'in_progress',
     'high',
     'c0000000-0000-0000-0000-000000000005'::uuid,
     CURRENT_DATE + INTERVAL '5 days')
ON CONFLICT DO NOTHING;
